library,time
pywget,3.1151083689910593
requests,9.359170181996888
requests_session,3.3061144789971877
urllib,1.8968992070003878
urllib3,2.062552319999668
pycurl,0.2886750449979445
pycurl_nossl,0.28250716300681233
cycletls,2.522438094994868
